1	|	all	|		|	synonym	|
1	|	root	|		|	scientific name	|
2	|	Bacteria	|	Bacteria <prokaryote>	|	scientific name	|
2	|	Monera	|	Monera <Bacteria>	|	in-part	|
2	|	Procaryotae	|	Procaryotae <Bacteria>	|	in-part	|
2	|	Prokaryota	|	Prokaryota <Bacteria>	|	in-part	|
2	|	Prokaryotae	|	Prokaryotae <Bacteria>	|	in-part	|
2	|	bacteria	|	bacteria <blast2>	|	blast name	|
2	|	eubacteria	|		|	genbank common name	|
2	|	not Bacteria Haeckel 1894	|		|	synonym	|
2	|	prokaryote	|	prokaryote <Bacteria>	|	in-part	|
2	|	prokaryotes	|	prokaryotes <Bacteria>	|	in-part	|
6	|	Azorhizobium	|		|	scientific name	|
6	|	Azorhizobium Dreyfus et al. 1988	|		|	authority	|
6	|	Azotirhizobium	|		|	misspelling	|
7	|	ATCC 43989	|		|	type material	|
7	|	Azorhizobium caulinodans	|		|	scientific name	|
7	|	Azorhizobium caulinodans Dreyfus et al. 1988	|		|	synonym	|
7	|	Azotirhizobium caulinodans	|		|	equivalent name	|
7	|	CCUG 26647	|		|	type material	|
7	|	DSM 5975	|		|	type material	|
7	|	IFO 14845	|		|	type material	|
7	|	JCM 20966	|		|	type material	|
7	|	LMG 6465	|		|	type material	|
7	|	NBRC 14845	|		|	type material	|
7	|	ORS 571	|		|	type material	|
9	|	Acyrthosiphon pisum symbiont P	|		|	includes	|
9	|	Buchnera aphidicola	|		|	scientific name	|
9	|	Buchnera aphidicola Munson et al. 1991	|		|	synonym	|
10	|	"Cellvibrio" Winogradsky 1929	|		|	synonym	|
10	|	Cellvibrio	|		|	scientific name	|
10	|	Cellvibrio (ex Winogradsky 1929) Blackall et al. 1986 emend. Humphry et al. 2003	|		|	synonym	|
11	|	"Cellvibrio gilvus" Hulcher and King 1958	|		|	authority	|
11	|	Cellvibrio gilvus	|		|	equivalent name	|
11	|	[Cellvibrio] gilvus	|		|	scientific name	|
13	|	Dictyoglomus	|		|	scientific name	|
13	|	Dictyoglomus Saiki et al. 1985	|		|	authority	|
14	|	ATCC 35947	|		|	type material	|
14	|	DSM 3960	|		|	type material	|
14	|	Dictyoglomus thermophilum	|		|	scientific name	|
14	|	Dictyoglomus thermophilum Saiki et al. 1985	|		|	authority	|
14	|	strain H-6-12	|		|	type material	|
16	|	Methyliphilus	|		|	equivalent name	|
16	|	Methylophilus	|		|	scientific name	|
16	|	Methylophilus Jenkins et al. 1987	|		|	synonym	|
16	|	Methylotrophus	|		|	misspelling	|
17	|	ATCC 53528	|		|	type material	|
17	|	DSM 46235	|		|	type material	|
17	|	LMG 6787	|		|	type material	|
17	|	Methyliphilus methylitrophus	|		|	equivalent name	|
17	|	Methyliphilus methylotrophus	|		|	equivalent name	|
17	|	Methylophilus methylitrophus	|		|	equivalent name	|
17	|	Methylophilus methylotrophus	|		|	scientific name	|
17	|	Methylophilus methylotrophus Jenkins et al. 1987	|		|	authority	|
17	|	Methylophilus sp. CBMB147	|		|	includes	|
17	|	Methylotrophus methylophilus	|		|	synonym	|
17	|	NCIB 10515	|		|	type material	|
17	|	NCIMB 10515	|		|	type material	|
17	|	VKM B-1623	|		|	type material	|
18	|	Pelobacter	|		|	scientific name	|
18	|	Pelobacter Schink and Pfennig 1983	|		|	authority	|
19	|	DSM 2380	|		|	type material	|
19	|	NBRC 103641	|		|	type material	|
19	|	Pelobacter carbinolicus	|		|	scientific name	|
19	|	Pelobacter carbinolicus Schink 1984	|		|	authority	|
19	|	strain Gra Bd 1	|		|	type material	|
20	|	Phenylobacterium	|		|	scientific name	|
20	|	Phenylobacterium Lingens et al. 1985 emend. Abraham et al. 2008	|		|	authority	|
20	|	Phenylobacterium Lingens et al. 1985 emend. Kanso and Patel 2004	|		|	authority	|
20	|	Phenylobacterium Lingens et al. 1985 emend. Oh and Roh 2012	|		|	authority	|
20	|	Phenylobacterium Lingens et al. 1985 emend. Tiago et al. 2005	|		|	authority	|
21	|	ATCC 35973	|		|	type material	|
21	|	CIP 103305	|		|	type material	|
21	|	DSM 1986	|		|	type material	|
21	|	LMG 6165	|		|	type material	|
21	|	Phenylobacterium immobile	|		|	scientific name	|
21	|	Phenylobacterium immobile Lingens et al. 1985	|		|	authority	|
21	|	strain E	|	strain E <Phenylobacterium immobile>	|	type material	|
22	|	Shewanella	|		|	scientific name	|
22	|	Shewanella MacDonell and Colwell 1986	|		|	synonym	|
23	|	ATCC 39565	|		|	type material	|
23	|	Alteromonas colwelliana	|		|	synonym	|
23	|	Alteromonas colwelliana Weiner et al. 1988	|		|	authority	|
23	|	Shewanella affinis	|		|	synonym	|
23	|	Shewanella affinis Ivanova et al. 2004	|		|	authority	|
23	|	Shewanella colwelliana	|		|	scientific name	|
23	|	Shewanella colwelliana (Weiner et al. 1988) Coyne et al. 1990	|		|	authority	|
23	|	strain LST-W	|		|	type material	|
24	|	"Pseudomonas putrefaciens" (Derby and Hammer) Long and Hammer 1941	|		|	authority	|
24	|	ATCC 8071	|		|	type material	|
24	|	Alteromonas putrefaciens	|		|	synonym	|
24	|	Alteromonas putrefaciens (ex Derby and Hammer) Lee et al. 1981	|		|	authority	|
24	|	Alteromonas putrifaciens	|		|	misspelling	|
24	|	CCUG 13452 D	|		|	type material	|
24	|	CFBP 3033	|		|	type material	|
24	|	CFBP 3034	|		|	type material	|
24	|	CIP 80.40	|		|	type material	|
24	|	DSM 6067	|		|	type material	|
24	|	IFO 3908	|		|	type material	|
24	|	JCM 20190	|		|	type material	|
24	|	JCM 9294	|		|	type material	|
24	|	LMG 2268	|		|	type material	|
24	|	NBRC 3908	|		|	type material	|
24	|	NCIB 10471	|		|	type material	|
24	|	NCIMB 10471	|		|	type material	|
24	|	NCTC 12960	|		|	type material	|
24	|	Pseudomonas putrefaciens	|		|	synonym	|
24	|	Shewanella putrefaciens	|		|	scientific name	|
24	|	Shewanella putrefaciens (Lee et al. 1981) MacDonell and Colwell 1986	|		|	authority	|
24	|	Shewanella putrifaciens	|		|	misspelling	|
24	|	strain Hammer 95	|		|	type material	|
25	|	ATCC 33224	|		|	type material	|
25	|	Alteromonas hanedai	|		|	synonym	|
25	|	Alteromonas hanedai Jensen et al. 1981	|		|	synonym	|
25	|	CCUG 16097	|		|	type material	|
25	|	CIP 103207	|		|	type material	|
25	|	DSM 6066	|		|	type material	|
25	|	JCM 20706	|		|	type material	|
25	|	LMG 19004	|		|	type material	|
25	|	NBRC 102223	|		|	type material	|
25	|	Shewanella hanedai	|		|	scientific name	|
25	|	Shewanella hanedai (Jensen et al. 1981) MacDonell and Colwell 1986	|		|	synonym	|
25	|	strain 281	|		|	type material	|
27	|	halophilic eubacterium (NRCC 41227)	|		|	synonym	|
27	|	halophilic eubacterium NRCC 41227	|		|	scientific name	|
27	|	halophilic eubacterium NRCC41227	|		|	synonym	|
28	|	halophilic eubacterium	|		|	scientific name	|
29	|	Myxobacteria	|		|	synonym	|
29	|	Myxococcales	|		|	scientific name	|
29	|	Myxococcales Tchan et al. 1948	|		|	authority	|
29	|	The Myxobacteria	|		|	synonym	|
29	|	fruiting gliding bacteria	|		|	genbank common name	|
31	|	Myxococcaceae	|		|	scientific name	|
31	|	Myxococcaceae Jahn 1924	|		|	synonym	|
32	|	Myxococcus	|		|	scientific name	|
32	|	Myxococcus Thaxter 1892 emend. Lang and Stackebrandt 2009	|		|	authority	|
33	|	"Micrococcus fulvus" Cohn 1875	|		|	authority	|
33	|	ATCC 25199	|		|	type material	|
33	|	DSM 16525	|		|	type material	|
33	|	Micrococcus fulvus	|		|	synonym	|
33	|	Myxococcus fulvus	|		|	scientific name	|
33	|	Myxococcus fulvus (Cohn 1875) Jahn 1911	|		|	authority	|
33	|	NBRC 100333	|		|	type material	|
33	|	NCIMB 13349	|		|	type material	|
34	|	ATCC 25232	|		|	type material	|
34	|	CCUG 2079	|		|	type material	|
34	|	CIP 107069	|		|	type material	|
34	|	DSM 16526	|		|	type material	|
34	|	IFO 13542	|		|	type material	|
34	|	Myxococcus xanthus	|		|	scientific name	|
34	|	Myxococcus xanthus Beebe 1941	|		|	authority	|
34	|	Myxococcus xanthus retron Mx162	|		|	includes	|
34	|	Myxococcus xanthus retron Mx65	|		|	includes	|
34	|	NBRC 13542	|		|	type material	|
35	|	"Chondrococcus macrosporus" Krzemieniewska and Krzemieniewski 1926	|		|	authority	|
35	|	CIP 109128	|		|	type material	|
35	|	Chondrococcus macrosporus	|		|	synonym	|
35	|	Corallococcus macrosporus	|		|	scientific name	|
35	|	Corallococcus macrosporus Reichenbach 2007	|		|	authority	|
35	|	DSM 14697	|		|	type material	|
35	|	JCM 12621	|		|	type material	|
35	|	Myxococcus macrosporus	|		|	synonym	|
35	|	Myxococcus macrosporus (Krzemieniewska and Krzemieniewski 1926) Zahler and McCurdy 1974 (Approved Lists 1980)	|		|	authority	|
35	|	not "Myxococcus macrosporus" Zukal 1897	|		|	authority	|
35	|	strain Cc m8	|		|	type material	|
38	|	"Angiococcus disciformis" (Thaxter 1904) Jahn 1924	|		|	authority	|
38	|	"Cystobacter disciformis" (Thaxter 1904) Brockman and McCurdy 1989	|		|	authority	|
38	|	ATCC 33172	|		|	type material	|
38	|	Angiococcus disciformis	|		|	scientific name	|
38	|	Angiococcus disciformis (Thaxter 1904) Hook et al. 1980	|		|	authority	|
38	|	Cystobacter disciformis	|		|	genbank synonym	|
38	|	DSM 17051	|		|	type material	|
38	|	DSM 52716	|		|	type material	|
38	|	Myxococcus disciformis	|		|	synonym	|
38	|	Myxococcus disciformis Thaxter 1904 (Approved Lists 1980)	|		|	authority	|
38	|	strain CMU-1	|		|	type material	|
39	|	Archangiaceae	|		|	includes	|
39	|	Archangiaceae Jahn 1924	|		|	authority	|
39	|	Cystobacteraceae	|		|	scientific name	|
39	|	Cystobacteraceae McCurdy 1970	|		|	authority	|
40	|	Stigmatella	|		|	scientific name	|
40	|	Stigmatella Berkeley and Curtis 1875	|		|	synonym	|
41	|	"Chondromyces aurantiacus" (Berkeley and Curtis) Thaxter 1892	|		|	authority	|
41	|	ATCC 25190	|		|	type material	|
41	|	Chondromyces aurantiacus	|		|	synonym	|
41	|	DSM 17044	|		|	type material	|
41	|	Stigmatella aurantiaca	|		|	scientific name	|
41	|	Stigmatella aurantiaca Berkeley and Curtis 1875	|		|	authority	|
42	|	"Angiococcus" Jahn 1924	|		|	authority	|
42	|	Angiococcus	|		|	includes	|
42	|	Angiococcus (ex Jahn 1924) Hook et al. 1980	|		|	authority	|
42	|	Cystobacter	|		|	scientific name	|
42	|	Cystobacter Schroeter 1886	|		|	authority	|
43	|	"Polyangium fuscum" (Schroeter 1886) Thaxter 1904	|		|	authority	|
43	|	ATCC 25194	|		|	type material	|
43	|	Cystobacter fuscus	|		|	scientific name	|
43	|	Cystobacter fuscus Schroeter 1886	|		|	authority	|
43	|	DSM 2262	|		|	type material	|
43	|	Polyangium fuscum	|		|	synonym	|
44	|	Melittangium	|		|	scientific name	|
44	|	Melittangium Jahn 1924	|		|	synonym	|
45	|	"Chondromyces gracilipes" Thaxter 1897	|		|	authority	|
45	|	"Chondromyces lichenicolus" Thaxter 1892	|		|	authority	|
45	|	"Chondromyces minor" Krzemieniewska and Krzemieniewski 1930	|		|	authority	|
45	|	"Podangium gracilipes" (Thaxter 1897) Jahn 1924	|		|	authority	|
45	|	"Podangium lichenicolum" (Thaxter 1892) Jahn 1924	|		|	authority	|
45	|	ATCC 25944	|		|	type material	|
45	|	Chondromyces gracilipes	|		|	synonym	|
45	|	Chondromyces lichenicolus	|		|	synonym	|
45	|	Chondromyces minor	|		|	synonym	|
45	|	DSM 14877	|		|	type material	|
45	|	DSM 2275	|		|	type material	|
45	|	Melittangium lichenicola	|		|	scientific name	|
45	|	Melittangium lichenicola (Thaxter 1892) McCurdy 1971	|		|	authority	|
45	|	Podangium gracilipes	|		|	synonym	|
45	|	Podangium lichenicolum	|		|	synonym	|
45	|	strain M155	|		|	type material	|
47	|	Archangium	|		|	scientific name	|
47	|	Archangium Jahn 1924	|		|	synonym	|
48	|	"Chondrococcus cerebriformis" (Kofler) Jahn 1924	|		|	synonym	|
48	|	"Chondromyces serpens" Quehl 1906	|		|	synonym	|
48	|	"Myxococcus cerebriformis" Kofler 1913	|		|	synonym	|
48	|	ATCC 25201	|		|	type material	|
48	|	Archangium gephyra	|		|	scientific name	|
48	|	Archangium gephyra Jahn 1924	|		|	synonym	|
48	|	Chondrococcus cerebriformis	|		|	synonym	|
48	|	Chondromyces serpens	|		|	synonym	|
48	|	DSM 2261	|		|	type material	|
48	|	Myxococcus cerebriformis	|		|	synonym	|
49	|	"Sorangiaceae" Jahn 1924	|		|	authority	|
49	|	Polyangiaceae	|		|	scientific name	|
49	|	Polyangiaceae Jahn 1924	|		|	authority	|
49	|	Sorangiaceae	|		|	includes	|
50	|	"Myxobotrys" Zukal 1896	|		|	authority	|
50	|	"Polycephalum" Kalchbrenner and Cooke 1880	|		|	authority	|
50	|	Chondromyces	|		|	scientific name	|
50	|	Chondromyces Berkeley and Curtis 1874	|		|	authority	|
50	|	Chrondromyces	|		|	misspelling	|
50	|	Myxobotrys	|		|	synonym	|
50	|	Polycephalum	|		|	synonym	|
51	|	Chondromyces apiculatus	|		|	scientific name	|
51	|	Chondromyces apiculatus Thaxter 1897	|		|	authority	|
51	|	Chrondromyces apiculatus	|		|	misspelling	|
51	|	TC 4481	|		|	type material	|
52	|	"Myxobotrys variabilis" Zukal 1896 (putative synonym)	|		|	synonym	|
52	|	Chondromyces crocatus	|		|	scientific name	|
52	|	Chondromyces crocatus Berkeley and Curtis 1874	|		|	synonym	|
52	|	Chrondromyces crocatus	|		|	misspelling	|
52	|	Myxobotrys variabilis	|		|	synonym	|
52	|	TC 601	|		|	type material	|
53	|	Nannocystis	|		|	scientific name	|
53	|	Nannocystis Reichenbach 1970	|		|	authority	|
54	|	ATCC 25963	|		|	type material	|
54	|	DSM 71	|		|	type material	|
54	|	Nannocystis exedens	|		|	scientific name	|
54	|	Nannocystis exedens Reichenbach 1970	|		|	authority	|
55	|	Polyangium	|		|	scientific name	|
55	|	Polyangium Link 1809	|		|	authority	|
56	|	"Polyangium compositum" Thaxter 1904	|	"Polyangium compositum" Thaxter 1904 <Sorangium cellulosum>	|	authority	|
56	|	"Sorangium cellulosum" (Imshenetski and Solntseva 1936) Imshenetski and Solntseva 1937	|		|	authority	|
56	|	"Sorangium compositum" Jahn 1924	|		|	authority	|
56	|	"Sorangium compositum" Krzemieniewska and Krzemieniewski 1937	|		|	authority	|
56	|	"Sorangium nigrescens" Krzemieniewska and Krzemieniewski 1937	|		|	authority	|
56	|	"Sorangium nigrum" Krzemieniewska and Krzemieniewski 1937	|		|	authority	|
56	|	CIP 109122	|		|	type material	|
56	|	DSM 14627	|		|	type material	|
56	|	JCM 12707	|		|	type material	|
56	|	Polyangium cellulosum	|		|	synonym	|
56	|	Polyangium cellulosum (ex Imshenetski and Solntseva 1936) Brockman 1989	|		|	authority	|
56	|	Polyangium compositum	|	Polyangium compositum <Sorangium cellulosum>	|	synonym	|
56	|	Sorangium cellulosum	|		|	scientific name	|
56	|	Sorangium cellulosum (Brockman 1989) Reichenbach 2007	|		|	authority	|
56	|	Sorangium compositum	|	Sorangium compositum <Sorangium cellulosum>	|	synonym	|
56	|	Sorangium nigrescens	|		|	synonym	|
56	|	Sorangium nigrum	|		|	synonym	|
56	|	strain So ce1871	|		|	type material	|
57	|	Polyangium sp.	|		|	scientific name	|
59	|	Vitreoscilla	|		|	scientific name	|
59	|	Vitreoscilla Pringsheim 1949	|		|	authority	|
60	|	Vitreoscilla sp.	|		|	scientific name	|
61	|	ATCC 15218	|		|	type material	|
61	|	DSM 513	|		|	type material	|
61	|	LMG 7756	|		|	type material	|
61	|	Vitreoscilla stercoraria	|		|	scientific name	|
61	|	Vitreoscilla stercoraria Pringsheim 1951 (Approved Lists 1980) emend. Strohl et al. 1986	|		|	synonym	|
62	|	ATCC 43189	|		|	type material	|
62	|	Vitreoscilla beggiatoides	|		|	scientific name	|
62	|	Vitreoscilla beggiatoides Pringsheim 1949 (Approved Lists 1980) emend. Strohl et al. 1986	|		|	synonym	|
62	|	strain B23SS	|		|	type material	|
63	|	"Vitreoscilla filiformis" Pringsheim 1951	|		|	synonym	|
63	|	ATCC 43190	|		|	type material	|
63	|	Vitreoscilla filiformis	|		|	scientific name	|
63	|	Vitreoscilla filiformis (ex Pringsheim 1951) Strohl et al. 1986	|		|	synonym	|
63	|	strain L1401-2	|		|	type material	|
64	|	Herpetosiphon	|		|	scientific name	|
64	|	Herpetosiphon Holt and Lewin 1968	|		|	synonym	|
65	|	ATCC 23779	|		|	type material	|
65	|	CCUG 48726	|		|	type material	|
65	|	DSM 785	|		|	type material	|
65	|	HAMBI 1968	|		|	type material	|
65	|	Herpetosiphon aurantiacus	|		|	scientific name	|
65	|	Herpetosiphon aurantiacus Holt and Lewin 1968	|		|	authority	|
65	|	Herpetosiphon giganteus	|		|	synonym	|
68	|	Lysobacter	|		|	scientific name	|
68	|	Lysobacter Christensen and Cook 1978 (Approved Lists 1980) emend. Park et al. 2008	|		|	authority	|
69	|	ATCC 29487	|		|	type material	|
69	|	DSM 2043	|		|	type material	|
69	|	LMG 8762	|		|	type material	|
69	|	Lysobacter enzymogenes	|		|	scientific name	|
69	|	Lysobacter enzymogenes Christensen and Cook 1978	|		|	authority	|
69	|	UASM 495	|		|	type material	|
71	|	Simonsiella	|		|	scientific name	|
71	|	Simonsiella Schmid 1922	|		|	synonym	|
72	|	"Caryophanon muelleri" (Schmid 1922) Peshkoff 1948	|		|	authority	|
72	|	ATCC 29453	|		|	type material	|
72	|	CCUG 30554	|		|	type material	|
72	|	CIP 103436	|		|	type material	|
72	|	Caryophanon muelleri	|		|	synonym	|
72	|	DSM 2579	|		|	type material	|
72	|	LMG 7828	|		|	type material	|
72	|	Scheibenbakterien	|		|	common name	|
72	|	Scheibenbakterien Muller 1911	|		|	common name	|
72	|	Simonsiella muelleri	|		|	scientific name	|
72	|	Simonsiella muelleri Schmid 1922	|		|	authority	|
75	|	Caulobacter	|		|	scientific name	|
75	|	Caulobacter Henrici and Johnson 1935 (Approved Lists 1980) emend. Abraham et al. 1999	|		|	authority	|
78	|	Caulobacter sp.	|		|	scientific name	|
81	|	Hyphomicrobium	|		|	scientific name	|
81	|	Hyphomicrobium Stutzer and Hartleb 1898	|		|	authority	|
81	|	Hyphomicrobium Stutzer and Hartleb 1899 (sic)	|		|	authority	|
82	|	Hyphomicrobium sp.	|		|	scientific name	|
83	|	ATCC 33404	|		|	type material	|
83	|	Hyphomicrobium vulgare	|		|	scientific name	|
83	|	Hyphomicrobium vulgare Stutzer and Hartleb 1898	|		|	synonym	|
83	|	Hyphomicrobium vulgare Stutzer and Hartleb 1899 (sic)	|		|	synonym	|
83	|	JCM 6889	|		|	type material	|
83	|	NCIB 9698	|		|	type material	|
84	|	ATCC 35216	|		|	type material	|
84	|	DSM 5458	|		|	type material	|
84	|	Hyphomicrobium methylovorum	|		|	scientific name	|
84	|	Hyphomicrobium methylovorum Izumi et al. 1983	|		|	synonym	|
84	|	IFO 14180	|		|	type material	|
84	|	JCM 6890	|		|	type material	|
84	|	NBRC 14180	|		|	type material	|
84	|	strain KM 146	|		|	type material	|
85	|	Hyphomonas	|		|	scientific name	|
85	|	Hyphomonas (ex Pongratz 1957) Moore et al. 1984 emend. Weiner et al. 2000	|		|	authority	|
86	|	ATCC 33883	|		|	type material	|
86	|	DSM 5153	|		|	type material	|
86	|	Hyphomonas jannaschiana	|		|	scientific name	|
86	|	Hyphomonas jannaschiana Weiner et al. 1985	|		|	authority	|
86	|	strain VP2	|		|	type material	|
87	|	Hyphomonas sp.	|		|	scientific name	|
88	|	"Chlamydothrix" Migula 1900	|		|	synonym	|
88	|	"Detoniella" Trevisan in de Toni and Trevisan 1889	|		|	synonym	|
88	|	Chlamydothrix	|		|	synonym	|
88	|	Detoniella	|		|	synonym	|
88	|	Leptothrix	|		|	scientific name	|
88	|	Leptothrix Kutzing 1843	|		|	synonym	|
89	|	"Leptothrix crassa" Cholodny 1924	|		|	synonym	|
89	|	"Leptothrix discophora" (Schwers 1912) Dorff 1934	|		|	synonym	|
89	|	"Megalothrix discophora" Schwers 1912	|		|	synonym	|
89	|	ATCC 43182	|		|	type material	|
89	|	LMG 8141	|		|	type material	|
89	|	Leptothrix crassa	|		|	synonym	|
89	|	Leptothrix discophora	|		|	scientific name	|
89	|	Leptothrix discophora (ex Schwers 1912) Spring et al. 1997	|		|	synonym	|
89	|	Megalothrix discophora	|		|	synonym	|
89	|	strain SS-1	|		|	type material	|
93	|	Stella	|		|	scientific name	|
93	|	Stella Vasilyeva 1985	|		|	synonym	|
94	|	ATCC 43930	|		|	type material	|
94	|	AUCM B-1137	|		|	type material	|
94	|	DSM 5900	|		|	type material	|
94	|	Stella humosa	|		|	scientific name	|
94	|	Stella humosa Vasilyeva 1985	|		|	synonym	|
94	|	VKM B-1137	|		|	type material	|
96	|	Gallionella	|		|	scientific name	|
96	|	Gallionella Ehrenberg 1838	|		|	authority	|
97	|	"Chlamydothrix ferruginea" (Ehrenberg 1838) Migula 1900	|		|	authority	|
97	|	"Spirillum ferrugineum" (Ehrenberg 1838) de Toni and Trevisan 1889	|		|	authority	|
97	|	"Spirophyllum ferrugineum" (Ehrenberg 1838) Ellis 1907	|		|	authority	|
97	|	Chlamydothrix ferruginea	|		|	synonym	|
97	|	Gallionella ferruginea	|		|	scientific name	|
97	|	Gallionella ferruginea Ehrenberg 1838	|		|	authority	|
97	|	Spirillum ferrugineum	|		|	synonym	|
97	|	Spirophyllum ferrugineum	|		|	synonym	|
97	|	no culture available	|	no culture available <Gallionella ferruginea>	|	type material	|
99	|	"Renobacter" Nikitin 1971	|		|	authority	|
99	|	Ancylobacter	|		|	scientific name	|
99	|	Ancylobacter Raj 1983	|		|	authority	|
99	|	Microcyclus	|	Microcyclus <bacteria>	|	synonym	|
99	|	Microcyclus Orskov 1928 (Approved Lists 1980)	|		|	authority	|
99	|	Renobacter	|		|	synonym	|
100	|	ATCC 25396	|		|	type material	|
100	|	Ancylobacter aquaticus	|		|	scientific name	|
100	|	Ancylobacter aquaticus (Orskov 1928) Raj 1983	|		|	authority	|
100	|	CCUG 1820	|		|	type material	|
100	|	CCUG 30551	|		|	type material	|
100	|	DSM 101	|		|	type material	|
100	|	JCM 20518	|		|	type material	|
100	|	LMG 4052	|		|	type material	|
100	|	Microcyclus aquaticus	|		|	synonym	|
100	|	Microcyclus aquaticus Orskov 1928 (Approved Lists 1980)	|		|	authority	|
100	|	NBRC 102453	|		|	type material	|
100	|	VKM B-1287	|		|	type material	|
100	|	strain rskov	|		|	type material	|
101	|	Flectobacillus	|		|	scientific name	|
101	|	Flectobacillus Larkin et al. 1977 (Approved Lists 1980) emend. Raj and Maloy 1990	|		|	authority	|
102	|	ACAM 171	|		|	type material	|
102	|	ATCC 43844	|		|	type material	|
102	|	CIP 103112	|		|	type material	|
102	|	Flectobacillus glomeratus	|		|	synonym	|
102	|	Flectobacillus glomeratus McGuire et al. 1988	|		|	authority	|
102	|	LMG 13858	|		|	type material	|
102	|	Polaribacter glomeratus	|		|	scientific name	|
102	|	Polaribacter glomeratus (McGuire et al. 1988) Gosink et al. 1998	|		|	authority	|
102	|	UQM 3055	|		|	type material	|
103	|	"Microcyclus major" Gromov 1963	|		|	authority	|
103	|	ATCC 29496	|		|	type material	|
103	|	DSM 103	|		|	type material	|
103	|	Flectobacillus major	|		|	scientific name	|
103	|	Flectobacillus major (Gromov 1963) Larkin et al. 1977	|		|	authority	|
103	|	LMG 13163	|		|	type material	|
103	|	Microcyclus major	|		|	synonym	|
103	|	VKM B-859	|		|	type material	|
104	|	"Microcyclus marinus" Raj 1976	|		|	authority	|
104	|	ATCC 25205	|		|	type material	|
104	|	Cyclibacterium marinum	|		|	misspelling	|
104	|	Cyclobacterium marinum	|		|	scientific name	|
104	|	Cyclobacterium marinum corrig. (Raj 1976) Raj and Maloy 1990	|		|	authority	|
104	|	Cyclobacterium marinus	|		|	synonym	|
104	|	DSM 745	|		|	type material	|
104	|	Flectobacillus marinus	|		|	synonym	|
104	|	Flectobacillus marinus (Raj 1976) Borrall and Larkin 1978 (Approved Lists 1980)	|		|	authority	|
104	|	LMG 13164	|		|	type material	|
104	|	Microcyclus marinus	|		|	synonym	|
104	|	strain Raj	|		|	type material	|
105	|	Runella	|		|	scientific name	|
105	|	Runella Larkin and Williams 1978	|		|	authority	|
106	|	ATCC 29530	|		|	type material	|
106	|	DSM 19594	|		|	type material	|
106	|	LMG 11500	|		|	type material	|
106	|	Runella slithyformis	|		|	scientific name	|
106	|	Runella slithyformis Larkin and Williams 1978	|		|	authority	|
107	|	Spirosoma	|		|	scientific name	|
107	|	Spirosoma Migula 1894 (Approved Lists 1980) emend. Finster et al. 2009	|		|	authority	|
108	|	ATCC 33905	|		|	type material	|
108	|	DSM 74	|		|	type material	|
108	|	LMG 10896	|		|	type material	|
108	|	Spirosoma linguale	|		|	scientific name	|
108	|	Spirosoma linguale Migula 1894	|		|	authority	|
109	|	Blastobacter	|		|	scientific name	|
109	|	Blastobacter Zavarzin 1961 (Approved Lists 1980) emend. Sly 1985	|		|	authority	|
110	|	"Blastobacter viscosus" Loginova and Trotensko 1979	|		|	synonym	|
110	|	"Blastobacter viscosus" Loginova and Trotsenok 1979	|		|	synonym	|
110	|	ATCC BAA-298	|		|	type material	|
110	|	Blastobacter viscosus	|		|	synonym	|
110	|	Blastobacter viscosus 7d	|		|	includes	|
110	|	VKM B-2253	|		|	type material	|
110	|	Xanthobacter viscosus	|		|	scientific name	|
110	|	Xanthobacter viscosus Doronina and Trotsenko 2003	|		|	synonym	|
110	|	strain 7d	|		|	type material	|
112	|	Planctomycetales	|		|	scientific name	|
112	|	Planctomycetales Schlesner and Stackebrandt 1987	|		|	authority	|
112	|	Planctomycetales Schlesner and Stackebrandt 1987 emend. Scheuner et al. 2014	|		|	authority	|
112	|	Planctomycetales Schlesner and Stackebrandt 1987 emend. Ward 2011	|		|	authority	|
112	|	planctomycetes	|	planctomycetes<blast112>	|	blast name	|
113	|	Gemmata	|		|	scientific name	|
113	|	Gemmata Franzmann and Skerman 1985	|		|	authority	|
114	|	DSM 5831	|		|	type material	|
114	|	Gemmata obscuriglobus	|		|	scientific name	|
114	|	Gemmata obscuriglobus Franzmann and Skerman 1985	|		|	authority	|
114	|	UQM 2246	|		|	type material	|
117	|	Pirella sp.	|		|	misspelling	|
117	|	Pirellula sp.	|		|	scientific name	|
118	|	"Acinothrix" Novacek 1938	|		|	authority	|
118	|	"Blastocaulis" Henrici and Johnson 1935	|		|	authority	|
118	|	Acinothrix	|		|	synonym	|
118	|	Blastocaulis	|		|	synonym	|
118	|	Planctomyces	|		|	scientific name	|
118	|	Planctomyces Gimesi 1924	|		|	authority	|
119	|	ATCC 49424	|		|	type material	|
119	|	DSM 5305	|		|	type material	|
119	|	IFAM 1448	|		|	type material	|
119	|	JCM 21570	|		|	type material	|
119	|	NBRC 103401	|		|	type material	|
119	|	Planctomyces brasiliensis	|		|	synonym	|
119	|	Planctomyces brasiliensis Schlesner 1990	|		|	authority	|
119	|	Rubinisphaera brasiliensis	|		|	scientific name	|
119	|	Rubinisphaera brasiliensis (Schlesner 1990)	|		|	authority	|
120	|	"Planctopirus limnophilus" (Hirsch and Muller 1986) Scheuner et al. 2014	|		|	authority	|
120	|	ATCC 43296	|		|	type material	|
120	|	DSM 3776	|		|	type material	|
120	|	IFAM 1008	|		|	type material	|
120	|	Planctomyces limnophilus	|		|	synonym	|
120	|	Planctomyces limnophilus Hirsch and Muller 1986	|		|	authority	|
120	|	Planctopirus limnophila	|		|	scientific name	|
120	|	Planctopirus limnophila corrig. (Hirsch and Muller 1986) Scheuner et al. 2015	|		|	authority	|
120	|	Planctopirus limnophilus	|		|	synonym	|
120	|	strain Mu 290	|		|	type material	|
122	|	"Planctomyces maris" Bauld and Staley 1976	|		|	authority	|
122	|	ATCC 29201	|		|	type material	|
122	|	DSM 8797	|		|	type material	|
122	|	Gimesia maris	|		|	scientific name	|
122	|	Gimesia maris (ex Bauld and Staley 1976) Bauld and Staley 1980	|		|	authority	|
122	|	Planctomyces maris	|		|	synonym	|
122	|	Planctomyces maris (ex Bauld and Staley 1976) Bauld and Staley 1980	|		|	authority	|
122	|	strain 534-30	|		|	type material	|
123	|	Pirella	|	Pirella <bacterial misnomer>	|	misnomer	|
123	|	Pirella Schlesner and Hirsch 1984	|		|	authority	|
123	|	Pirellula	|		|	scientific name	|
123	|	Pirellula Schlesner and Hirsch 1987 emend. Schlesner et al. 2004	|		|	authority	|
123	|	Pivellula	|		|	misspelling	|
124	|	ATCC 49069	|		|	type material	|
124	|	Blastopirellula marina	|		|	scientific name	|
124	|	Blastopirellula marina (Schlesner 1987) Schlesner et al. 2004	|		|	authority	|
124	|	DSM 3645	|		|	type material	|
124	|	IFAM 1313	|		|	type material	|
124	|	Pirella marina	|		|	misnomer	|
124	|	Pirella marina Schlesner 1987	|		|	authority	|
124	|	Pirellula marina	|		|	synonym	|
124	|	Pirellula marina (Schlesner 1987) Schlesner and Hirsch 1987	|		|	authority	|
124	|	Pivellula marina	|		|	misspelling	|
124	|	strain SH 106	|		|	type material	|
125	|	ATCC 27377	|		|	type material	|
125	|	DSM 6068	|		|	type material	|
125	|	Pasteuria ramosa ATCC 27377	|		|	includes	|
125	|	Pirella staleyi	|		|	misnomer	|
125	|	Pirella staleyi Schlesner and Hirsch 1984	|		|	authority	|
125	|	Pirellula staleyi	|		|	scientific name	|
125	|	Pirellula staleyi (Schlesner and Hirsch 1984) Schlesner and Hirsch 1987	|		|	authority	|
125	|	Planctomyces staleyi	|		|	misnomer	|
126	|	Planctomycetaceae	|		|	scientific name	|
126	|	Planctomycetaceae Schlesner and Stackebrandt 1987	|		|	authority	|
126	|	Planctomycetaceae Schlesner and Stackebrandt 1987 emend. Scheuner et al. 2014	|		|	authority	|
126	|	Planctomycetaceae Schlesner and Stackebrandt 1987 emend. Ward 2011	|		|	authority	|
127	|	Isosphaera	|		|	scientific name	|
127	|	Isosphaera Giovannoni et al. 1995	|		|	authority	|
128	|	"Isocystis pallida" Woronichin 1927 (as cyanobacterium)	|		|	authority	|
128	|	"Torulopsidosira pallida" (Woronichin 1927) Geitler 1963 (as a yeast)	|		|	authority	|
128	|	ATCC 43644	|		|	type material	|
128	|	DSM 9630	|		|	type material	|
128	|	Isocystis pallida	|		|	synonym	|
128	|	Isosphaera pallida	|		|	scientific name	|
128	|	Isosphaera pallida (ex Woronichin 1927) Giovannoni et al. 1995	|		|	authority	|
128	|	Torulopsidosira pallida	|		|	synonym	|
128	|	strain IS1B	|		|	type material	|
131	|	Tuberoidobacter	|		|	scientific name	|
132	|	'Tuberoidobacter mutans'	|		|	synonym	|
132	|	Tuberoidobacter mutans	|		|	scientific name	|
133	|	Methylocystis	|		|	scientific name	|
133	|	Methylocystis (ex Whittenbury et al. 1970) Bowman et al. 1993 emend. Dedysh et al. 2007	|		|	authority	|
134	|	ACM 3309	|		|	type material	|
134	|	ATCC 35066	|		|	type material	|
134	|	IMET 10483	|		|	type material	|
134	|	Methylocystis parva	|		|	misspelling	|
134	|	Methylocystis parvus	|		|	scientific name	|
134	|	Methylocystis parvus Bowman et al. 1993	|		|	authority	|
134	|	NCIMB 11129	|		|	type material	|
134	|	UNIQEM 38	|		|	type material	|
134	|	VKM B-2129	|		|	type material	|
134	|	strain OBBP	|		|	type material	|
136	|	Spirochaetales	|		|	scientific name	|
136	|	Spirochaetales Buchanan 1917 (Approved Lists 1980) emend. Gupta et al. 2013	|		|	authority	|
136	|	spirochetes	|	spirochetes<blast136>	|	blast name	|
137	|	"Spirochaetaceae" Swellengrebel 1907 emend. Abt et al. 2012	|		|	authority	|
137	|	Spirochaetaceae	|		|	scientific name	|
137	|	Spirochaetaceae Schwellengrebel 1907 (Approved Lists 1980) emend. Gupta et al. 2013	|		|	authority	|
137	|	Spirochaetaceae Swellengrebel 1907	|		|	authority	|
137	|	Treponemataceae	|	Treponemataceae <Spirochaetaceae>	|	in-part	|
137	|	Treponemataceae Robinson 1948 (Approved Lists 1980)	|	Treponemataceae Robinson 1948 (Approved Lists 1980) <Spirochaetaceae>	|	authority	|
138	|	Borrelia	|		|	scientific name	|
138	|	Borrelia Swellengrebel 1907 (Approved Lists 1980) emend. Adeolu and Gupta 2014	|		|	authority	|
139	|	ATCC 35210	|		|	type material	|
139	|	Borrelia burdorferi	|		|	misspelling	|
139	|	Borrelia burgdorferi	|		|	scientific name	|
139	|	Borrelia burgdorferi Johnson et al. 1984 emend. Baranton et al. 1992	|		|	authority	|
139	|	Borrelia burgdorferi sensu stricto	|		|	equivalent name	|
139	|	Borrelia burgdorffragment	|		|	misspelling	|
139	|	CIP 102532	|		|	type material	|
139	|	DSM 4680	|		|	type material	|
139	|	Lyme disease spirochete	|		|	genbank common name	|
139	|	strain B31	|	strain B31 <Borrelia burgdorferi>	|	type material	|
140	|	"Spirochaeta hermsi" (sic) Davis 1942	|		|	authority	|
140	|	Borrelia hermsii	|		|	scientific name	|
140	|	Borrelia hermsii (Davis 1942) Steinhaus 1946	|		|	authority	|
140	|	Spirochaeta hermsi	|		|	synonym	|
140	|	no culture available	|	no culture available <Borrelia hermsii>	|	type material	|
141	|	"Spirochaeta parkeri" Davis 1942	|		|	synonym	|
141	|	Borrelia parkeri	|		|	scientific name	|
141	|	Borrelia parkeri (Davis 1942) Steinhaus 1946	|		|	synonym	|
141	|	Spirochaeta parkeri	|		|	synonym	|
141	|	no culture available	|	no culture available <Borrelia parkeri>	|	type material	|
142	|	"Spirochaeta turicatae" Brumpt 1933	|		|	synonym	|
142	|	Borrelia turicatae	|		|	scientific name	|
142	|	Borrelia turicatae (Brumpt 1933) Steinhaus 1946	|		|	synonym	|
142	|	Spirochaeta turicatae	|		|	synonym	|
142	|	no culture available	|	no culture available <Borrelia turicatae>	|	type material	|
143	|	"Spirochaeta anserina" Sakharoff 1891	|		|	authority	|
143	|	"Spirochaete gallinarum" (sic) Stephens and Christophers 1904	|		|	authority	|
143	|	"Spiroschaudinnia anserina" (Sakharoff 1891) Sambon 1907	|		|	authority	|
143	|	Borrelia anserina	|		|	scientific name	|
143	|	Borrelia anserina (Sakharoff 1891) Bergey et al. 1925	|		|	authority	|
143	|	Spirochaeta anserina	|		|	synonym	|
143	|	Spirochaete gallinarum	|		|	synonym	|
143	|	Spiroschaudinnia anserina	|		|	synonym	|
143	|	no culture available	|	no culture available <Borrelia anserina>	|	type material	|
144	|	ATCC 43381	|		|	type material	|
144	|	Borrelia coriaceae	|		|	scientific name	|
144	|	Borrelia coriaceae Johnson et al. 1987	|		|	synonym	|
144	|	CIP 104208	|		|	type material	|
144	|	strain Co53	|		|	type material	|
145	|	Borrelia sp.	|		|	scientific name	|
146	|	"Ehrenbergia" Gieszczykiewiez 1939	|		|	authority	|
146	|	"Spirochaete" Cohn 1872 (orthographic variant of Spirochaeta)	|		|	authority	|
146	|	"Spirochoeta" Dujardin 1841 (orthographic variant of Spirochaeta)	|		|	authority	|
146	|	Ehrenbergia	|		|	synonym	|
146	|	Spirochaeta	|		|	scientific name	|
146	|	Spirochaeta Ehrenberg 1835 (Approved Lists 1980) emend. Pikuta et al. 2009	|		|	authority	|
146	|	Spirochaete	|		|	synonym	|
146	|	Spirochoeta	|		|	synonym	|
147	|	"Spirochaeta aurantia" Vinzent 1926	|		|	synonym	|
147	|	ATCC 25082	|		|	type material	|
147	|	DSM 1902	|		|	type material	|
147	|	Spirochaeta aurantia	|		|	scientific name	|
147	|	Spirochaeta aurantia (ex Vinzent 1926) Canale-Parola 1980	|		|	synonym	|
148	|	ATCC 35968	|		|	type material	|
148	|	DSM 16054	|		|	type material	|
148	|	Spirochaeta bajacaliforniensis	|		|	scientific name	|
148	|	Spirochaeta bajacaliforniensis Fracek and Stolz 2004	|		|	synonym	|
148	|	strain BA-2	|		|	type material	|
149	|	ATCC 29478	|		|	type material	|
149	|	DSM 10522	|		|	type material	|
149	|	Spirochaeta halophila	|		|	scientific name	|
149	|	Spirochaeta halophila Greenberg and Canale-Parola 1977	|		|	synonym	|
149	|	strain RS1	|	strain RS1 <Spirochaeta halophila>	|	type material	|
150	|	ATCC 33939	|		|	type material	|
150	|	DSM 2461	|		|	type material	|
150	|	Spirochaeta isovalerica	|		|	scientific name	|
150	|	Spirochaeta isovalerica Harwood and Canale-Parola 1983	|		|	synonym	|
150	|	strain MA-2	|	strain MA-2 <Spirochaeta isovalerica>	|	type material	|
151	|	"Spirochaeta litoralis" Hespell and Canale-Parola 1970	|		|	synonym	|
151	|	ATCC 27000	|		|	type material	|
151	|	DSM 2029	|		|	type material	|
151	|	Spirochaeta litoralis	|		|	scientific name	|
151	|	Spirochaeta litoralis (ex Hespell and Canale-Parola 1970) Canale-Parola 1980	|		|	synonym	|
151	|	strain R1	|	strain R1 <Spirochaeta litoralis>	|	type material	|
152	|	"Treponema stenostrepta" (Zuelzer 1912) Abt et al. 2013	|		|	authority	|
152	|	ATCC 25083	|		|	type material	|
152	|	DSM 2028	|		|	type material	|
152	|	JCM 16534	|		|	type material	|
152	|	Spirochaeta stenostrepta	|		|	synonym	|
152	|	Spirochaeta stenostrepta Zuelzer 1912	|		|	authority	|
152	|	Treponema stenostrepta	|		|	synonym	|
152	|	Treponema stenostreptum	|		|	scientific name	|
152	|	Treponema stenostreptum corrig. (Zuelzer 1912) Abt et al. 2013	|		|	authority	|
154	|	ATCC 700085	|		|	type material	|
154	|	DSM 6578	|		|	type material	|
154	|	Spirochaeta thermophila	|		|	scientific name	|
154	|	Spirochaeta thermophila Aksenova et al. 1992	|		|	authority	|
154	|	strain Z-1203	|		|	type material	|
156	|	"Spirochaeta zuelzerae" (Veldkamp 1960) Canale-Parola, Udris and Mandel 1968	|		|	synonym	|
156	|	"Treponema zuelzerae" (Canale-Parola 1980) Abt et al. 2013	|		|	authority	|
156	|	"Treponema zuelzerae" Veldkamp 1960	|		|	synonym	|
156	|	ATCC 19044	|		|	type material	|
156	|	DSM 1903	|		|	type material	|
156	|	Spirochaeta zuelzerae	|		|	synonym	|
156	|	Spirochaeta zuelzerae (ex Veldkamp 1960) Canale-Parola 1980	|		|	synonym	|
156	|	Spirochaeta zuelzeri	|		|	misspelling	|
156	|	Treponema zuelzerae	|		|	scientific name	|
157	|	"Microspironema" Stiles and Pfender 1905	|		|	authority	|
157	|	"Spironema" Vuillemin 1905	|		|	authority	|
157	|	Microspironema	|		|	synonym	|
157	|	Treponema	|		|	scientific name	|
157	|	Treponema Schaudinn 1905	|		|	authority	|
157	|	Treponema Schaudinn 1905 emend Abt et al. 2013	|		|	authority	|
158	|	"Spirillum dentium" (Miller 1889) Sternberg 1892	|		|	authority	|
158	|	"Spirochaeta ambigua" Seguin and Vinzent 1936	|		|	authority	|
158	|	"Spirochaeta comandonii" Seguin and Vinzent 1936	|		|	authority	|
158	|	"Spirochaeta dentium" (Miller 1889) Migula 1895	|		|	authority	|
158	|	"Spirochaeta microdentium" (Noguchi 1912) Heim 1922	|		|	authority	|
158	|	"Spirochaeta orthodonta" Hoffmann 1920	|		|	authority	|
158	|	"Spirochaete denticola" Flugge 1886	|		|	authority	|
158	|	"Spirochaete dentium" Miller 1889	|		|	authority	|
158	|	"Spironema dentium" (Miller 1889) Gross 1912	|		|	authority	|
158	|	"Treponema ambiguum" (Seguin and Vinzent 1936) Prevot 1940	|		|	authority	|
158	|	"Treponema comandonii" (Seguin and Vinzent 1936) Prevot 1940	|		|	authority	|
158	|	"Treponema dentium" (Miller 1889) Dobell 1912	|		|	authority	|
158	|	"Treponema dentium-stenogyratum" Pettit 1928	|		|	authority	|
158	|	"Treponema microdentium" Noguchi 1912	|		|	authority	|
158	|	"Treponema orthodontum" (Hoffmann 1920) Noguchi 1928	|		|	authority	|
158	|	ATCC 35405	|		|	type material	|
158	|	CIP 103919	|		|	type material	|
158	|	DSM 14222	|		|	type material	|
158	|	JCM 8153	|		|	type material	|
158	|	Spirillum dentium	|		|	synonym	|
158	|	Spirochaeta ambigua	|		|	synonym	|
158	|	Spirochaeta comandonii	|		|	synonym	|
158	|	Spirochaeta dentium	|		|	synonym	|
158	|	Spirochaeta microdentium	|		|	synonym	|
158	|	Spirochaeta orthodonta	|		|	synonym	|
158	|	Spirochaete denticola	|		|	synonym	|
158	|	Spirochaete dentium	|		|	synonym	|
158	|	Spironema dentium	|		|	synonym	|
158	|	Treponema ambiguum	|		|	synonym	|
158	|	Treponema comandonii	|		|	synonym	|
158	|	Treponema denticola	|		|	scientific name	|
158	|	Treponema denticola (ex Brumpt 1925) Chan et al. 1993	|		|	authority	|
158	|	Treponema denticola (ex Flugge 1886) Chan et al. 1993	|		|	authority	|
158	|	Treponema dentium	|		|	synonym	|
158	|	Treponema dentium-stenogyratum	|		|	synonym	|
158	|	Treponema microdentium	|		|	synonym	|
158	|	Treponema orthodontum	|		|	synonym	|
159	|	ATCC 27164	|		|	type material	|
159	|	Brachyspira hyodysenteriae	|		|	scientific name	|
159	|	Brachyspira hyodysenteriae (Harris et al. 1972) Ochiai et al. 1998	|		|	authority	|
159	|	CCUG 46668	|		|	type material	|
159	|	NCTC 13041	|		|	type material	|
159	|	Serpula hyodysenteriae	|		|	misnomer	|
159	|	Serpula hyodysenteriae (Harris et al. 1972) Stanton et al. 1991	|		|	authority	|
159	|	Serpulina hyodysenteriae	|		|	synonym	|
159	|	Serpulina hyodysenteriae (Harris et al. 1972) Stanton 1992	|		|	authority	|
159	|	Treponema hyodysenteriae	|		|	synonym	|
159	|	Treponema hyodysenteriae Harris et al. 1972 (Approved Lists 1980)	|		|	authority	|
159	|	strain B78	|		|	type material	|
160	|	"Microspironema pallidum" (Schaudinn and Hoffmann 1905) Stiles and Pfender 1905	|		|	authority	|
160	|	"Spirillum pallidum" (Schaudinn and Hoffmann 1905) Mace 1913	|		|	authority	|
160	|	"Spirochaeta pallida" Schaudinn and Hoffmann 1905	|		|	authority	|
160	|	"Spironema pallidum" (Schaudinn and Hoffmann 1905) Vuillemin 1905	|		|	authority	|
160	|	Microspironema pallidum	|		|	synonym	|
160	|	Spirillum pallidum	|		|	synonym	|
160	|	Spirochaeta pallida	|		|	synonym	|
160	|	Spironema pallidum	|		|	synonym	|
160	|	Treponema pallidum	|		|	scientific name	|
160	|	Treponema pallidum (Schaudinn and Hoffmann 1905) Schaudinn 1905	|		|	authority	|
160	|	no culture available	|	no culture available <Treponema pallidum>	|	type material	|
161	|	"Treponema pallidum subsp. pallidum" (Schaudinn and Hoffmann 1905) Schaudinn 1905	|		|	authority	|
161	|	Treponema pallidum pallidum	|		|	equivalent name	|
161	|	Treponema pallidum subsp. pallidum	|		|	scientific name	|
161	|	syphilis treponeme	|		|	genbank common name	|
162	|	"Treponema phagedenis" (Noguchi 1912) Brumpt	|		|	authority	|
162	|	Treponema phagedenis	|		|	scientific name	|
163	|	ATCC 33254	|		|	type material	|
163	|	DSM 1788	|		|	type material	|
163	|	Treponema bryantii	|		|	scientific name	|
163	|	Treponema bryantii Stanton and Canale-Parola 1980	|		|	authority	|
163	|	strain RUS-1	|		|	type material	|
164	|	ATCC 33768	|		|	type material	|
164	|	Treponema pectinivorum	|		|	equivalent name	|
164	|	Treponema pectinovorum	|		|	scientific name	|
164	|	Treponema pectinovorum Smibert and Burmeister 1983	|		|	authority	|
164	|	VPI D-36DR-2	|		|	type material	|
165	|	ATCC 43261	|		|	type material	|
165	|	DSM 2985	|		|	type material	|
165	|	Treponema saccharophilum	|		|	scientific name	|
165	|	Treponema saccharophilum Paster and Canale-Parola 1986	|		|	authority	|
165	|	Treponema sacchrophilum	|		|	misspelling	|
166	|	Treponema sp.	|		|	scientific name	|
167	|	ATCC 33096	|		|	type material	|
167	|	DSM 2489	|		|	type material	|
167	|	Treponema succinifaciens	|		|	scientific name	|
167	|	Treponema succinifaciens Cwyk and Canale-Parola 1981	|		|	authority	|
167	|	strain 6091	|		|	type material	|
168	|	"Treponema pallidum subsp. pertenue" Smibert 1984	|		|	authority	|
168	|	Treponema pallidium subsp. pertenue	|		|	misspelling	|
168	|	Treponema pallidum pertenue	|		|	equivalent name	|
168	|	Treponema pallidum subsp. pertenue	|		|	scientific name	|
168	|	Treponema pertenue	|		|	synonym	|
168	|	yaws treponeme	|		|	genbank common name	|
170	|	Leptospiraceae	|		|	scientific name	|
170	|	Leptospiraceae Hovind-Hougen 1979 (Approved Lists 1980) emend. Levett et al. 2005	|		|	authority	|
170	|	Leptospiraceae Hovind-Houger (sic) 1978 (sic)	|		|	authority	|
170	|	Treponemataceae	|	Treponemataceae <Leptospiraceae>	|	in-part	|
170	|	Treponemataceae Robinson 1948 (Approved Lists 1980)	|	Treponemataceae Robinson 1948 (Approved Lists 1980) <Leptospiraceae>	|	authority	|
171	|	Ancona	|		|	misnomer	|
171	|	Canela	|		|	misnomer	|
171	|	Jequitaia	|		|	misnomer	|
171	|	Leptospira	|		|	scientific name	|
171	|	Leptospira Noguchi 1917 (Approved Lists 1980) emend. Faine and Stallman 1982	|		|	authority	|
172	|	"Spirochaeta biflexa" Wolbach and Binger 1914	|	"Spirochaeta biflexa" Wolbach and Binger 1914 <Leptospira biflexa>	|	authority	|
172	|	ATCC 23582	|		|	type material	|
172	|	Leptospira biflexa	|		|	scientific name	|
172	|	Leptospira biflexa (Wolbach and Binger 1914) Noguchi 1918 (Approved Lists 1980) emend. Faine and Stallman 1982	|		|	authority	|
172	|	Spirochaeta biflexa	|	Spirochaeta biflexa <Leptospira biflexa>	|	in-part	|
172	|	strain Patoc I	|		|	type material	|
173	|	"Leptospira icteroides" Noguchi 1919	|		|	authority	|
173	|	"Spirochaeta biflexa" Wolbach and Binger 1914	|	"Spirochaeta biflexa" Wolbach and Binger 1914 <Leptospira interrogans>	|	authority	|
173	|	"Spirochaeta icterogenes" Uhlenhuth and Fromme 1916	|		|	authority	|
173	|	"Spirochaeta icterohaemorrhagiae" Inada et al. 1916	|		|	authority	|
173	|	"Spirochaeta interrogans" Stimson 1907	|		|	authority	|
173	|	"Spirochaeta nodosa" Hubener and Reiter 1916	|		|	authority	|
173	|	ATCC 43642	|		|	type material	|
173	|	Leptospira icteroides	|		|	synonym	|
173	|	Leptospira interrogans	|		|	scientific name	|
173	|	Leptospira interrogans (Stimson 1907) Wenyon 1926 (Approved Lists 1980) emend. Faine and Stallman 1982	|		|	authority	|
173	|	Spirochaeta biflexa	|	Spirochaeta biflexa <Leptospira interrogans>	|	in-part	|
173	|	Spirochaeta icterogenes	|		|	synonym	|
173	|	Spirochaeta icterohaemorrhagiae	|		|	synonym	|
173	|	Spirochaeta interrogans	|		|	synonym	|
173	|	Spirochaeta nodosa	|		|	synonym	|
173	|	not ATCC 23581	|		|	type material	|
173	|	strain RGA	|		|	type material	|
174	|	ATCC 43292	|		|	type material	|
174	|	DSM 21538	|		|	type material	|
174	|	Leptospira borgpeterseni	|		|	misspelling	|
174	|	Leptospira borgpetersenii	|		|	scientific name	|
174	|	Leptospira borgpetersenii Yasuda et al. 1987	|		|	authority	|
174	|	strain Veldrat Bataviae 46	|		|	type material	|
176	|	Leptospira hardjo	|		|	synonym	|
176	|	Leptospira interrogans serovar Hardjo	|		|	scientific name	|
178	|	Leptospira sp.	|		|	scientific name	|
179	|	"Leptospirillum" Markosyan 1972	|		|	synonym	|
179	|	Leptospirillum	|		|	scientific name	|
179	|	Leptospirillum (ex Markosyan 1972) Hippe 2000	|		|	synonym	|
180	|	"Leptospirillum ferrooxidans" Markosyan 1972	|		|	authority	|
180	|	ATCC 29047	|		|	type material	|
180	|	DSM 2705	|		|	type material	|
180	|	Leptospirillum ferrooxidans	|		|	scientific name	|
180	|	Leptospirillum ferrooxidans (ex Markosyan 1972) Hippe 2000	|		|	authority	|
180	|	Leptospirillum ferroxidans	|		|	misspelling	|
180	|	Leptospirillum sp. DSM 2391	|		|	includes	|
180	|	Leptospirillum sp. DSM2391	|		|	misspelling	|
180	|	VKM B-1339	|		|	type material	|
181	|	Leptospirillum sp.	|		|	scientific name	|
183	|	"Leptospira illini" Hanson et al. 1974	|		|	authority	|
183	|	DSM 21528	|		|	type material	|
183	|	Leptonema illini	|		|	scientific name	|
183	|	Leptonema illini Hovind-Hougen 1983	|		|	authority	|
183	|	Leptonema illinoisense	|		|	misspelling	|
183	|	Leptospira illini	|		|	synonym	|
183	|	NCTC 11301	|		|	type material	|
183	|	strain 3055	|		|	type material	|
185	|	Wall less Spirochaeta sp.	|		|	synonym	|
185	|	wall-less Spirochaeta sp.	|		|	synonym	|
185	|	wall-less spirochete	|		|	scientific name	|
187	|	Aquaspirillum	|		|	scientific name	|
187	|	Aquaspirillum Hylemon et al. 1973	|		|	synonym	|
188	|	ATCC 31632	|		|	type material	|
188	|	Aquaspirillum magnetotacticum	|		|	synonym	|
188	|	Aquaspirillum magnetotacticum Maratea and Blakemore 1981	|		|	synonym	|
188	|	DSM 3856	|		|	type material	|
188	|	IFO 15272	|		|	type material	|
188	|	JCM 21281	|		|	type material	|
188	|	LMG 10894	|		|	type material	|
188	|	Magnetospirillum magnetotacticum	|		|	scientific name	|
188	|	Magnetospirillum magnetotacticum (Maratea and Blakemore 1981) Schleifer et al. 1992	|		|	synonym	|
188	|	NBRC 15272	|		|	type material	|
189	|	"Spirillum itersonii" Giesberger 1936	|		|	authority	|
189	|	ATCC 12639	|		|	type material	|
189	|	Aquaspirillum itersoni	|		|	misspelling	|
189	|	Aquaspirillum itersonii	|		|	synonym	|
189	|	Aquaspirillum itersonii (Giesberger 1936) Hylemon et al. 1973	|		|	authority	|
189	|	CCUG 49447	|		|	type material	|
189	|	CIP 105798	|		|	type material	|
189	|	JCM 21278	|		|	type material	|
189	|	JCM 21494	|		|	type material	|
189	|	LMG 4337	|		|	type material	|
189	|	NBRC 15648	|		|	type material	|
189	|	Novispirillum itersonii	|		|	scientific name	|
189	|	Novispirillum itersonii (Giesberger 1936) Yoon et al. 2007	|		|	authority	|
189	|	Novospirillum itersonii	|		|	misspelling	|
189	|	Spirillum itersoni	|		|	misspelling	|
189	|	Spirillum itersonii	|		|	synonym	|
190	|	"Spirillum serpens" (Muller 1786) Winter 1884	|		|	synonym	|
190	|	"Vibrio serpens" Muller 1786	|		|	synonym	|
190	|	ATCC 12638	|		|	type material	|
190	|	Aquaspirillum bengal	|		|	synonym	|
190	|	Aquaspirillum bengal Kumar et al. 1974 (Approved Lists 1980)	|		|	synonym	|
190	|	Aquaspirillum serpens	|		|	scientific name	|
190	|	Aquaspirillum serpens (Muller 1786) Hylemon et al. 1973 (AL 1980) emend. Boivin et al. 1985	|		|	synonym	|
190	|	CCUG 2092	|		|	type material	|
190	|	CIP 63.19	|		|	type material	|
190	|	DSM 68	|		|	type material	|
190	|	IAM 13944	|		|	type material	|
190	|	IFO 14924	|		|	type material	|
190	|	JCM 20995	|		|	type material	|
190	|	LMG 3734	|		|	type material	|
190	|	NBRC 14924	|		|	type material	|
190	|	NCTC 10593	|		|	type material	|
190	|	Spirillum serpens	|		|	synonym	|
190	|	Vibrio serpens	|		|	synonym	|
191	|	Azospirillum	|		|	scientific name	|
191	|	Azospirillum Tarrand et al. 1979 (Approved Lists 1980) emend. Falk et al. 1985	|		|	authority	|
192	|	ATCC 29145	|		|	type material	|
192	|	Azospirillum brasilense	|		|	scientific name	|
192	|	Azospirillum brasilense corrig. Tarrand et al. 1979	|		|	authority	|
192	|	Azospirillum brasiliense	|		|	synonym	|
192	|	DSM 1690	|		|	type material	|
192	|	JCM 1224	|		|	type material	|
192	|	LMG 13127	|		|	type material	|
192	|	NBRC 102289	|		|	type material	|
192	|	NRRL B-14647	|		|	type material	|
192	|	Roseomonas fauriae	|		|	synonym	|
192	|	Roseomonas fauriae Rihs et al. 1998	|		|	authority	|
192	|	Spirillum lipoferum	|		|	synonym	|
192	|	VKM B-1547	|		|	type material	|
192	|	bacterium ASAZOES-148	|		|	includes	|
192	|	strain sp. 7	|		|	type material	|
193	|	"Spirillum lipoferum" Beijerinck 1925	|		|	authority	|
193	|	ATCC 29707	|		|	type material	|
193	|	Azospirillum lipoferum	|		|	scientific name	|
193	|	Azospirillum lipoferum (Beijerinck 1925) Tarrand et al. 1979	|		|	authority	|
193	|	CIP 106280	|		|	type material	|
193	|	DSM 1691	|		|	type material	|
193	|	JCM 1247	|		|	type material	|
193	|	LMG 13128	|		|	type material	|
193	|	NBRC 102290	|		|	type material	|
193	|	NCAIM B.01801	|		|	type material	|
193	|	NCIMB 11861	|		|	type material	|
193	|	NRRL B-14654	|		|	type material	|
193	|	VKM B-1519	|		|	type material	|
193	|	strain sp. 59b	|		|	type material	|
194	|	Ampylobacter	|		|	misspelling	|
194	|	Campylobacter	|		|	scientific name	|
194	|	Campylobacter Sebald and Veron 1963 (Approved Lists 1980) emend. Tanner et al. 1981	|		|	authority	|
194	|	Campylobacter Sebald and Veron 1963 (Approved Lists 1980) emend. Vandamme et al. 1991	|		|	authority	|
194	|	Campylobacter Sebald and Veron 1963 (Approved Lists 1980) emend. Vandamme et al. 2010	|		|	authority	|
195	|	"Vibrio coli" Doyle 1948	|		|	authority	|
195	|	ATCC 33559	|		|	type material	|
195	|	CCUG 11283	|		|	type material	|
195	|	CCUG 14540	|		|	type material	|
195	|	CIP 70.80	|		|	type material	|
195	|	Campylobacter coli	|		|	scientific name	|
195	|	Campylobacter coli (Doyle 1948) Veron and Chatelain 1973	|		|	authority	|
195	|	Campylobacter hyoilei	|		|	genbank synonym	|
195	|	Campylobacter hyoilei Alderton et al. 1995	|		|	authority	|
195	|	DSM 4689	|		|	type material	|
195	|	JCM 2529	|		|	type material	|
195	|	LMG 6440	|		|	type material	|
195	|	LMG 9860	|		|	type material	|
195	|	NCTC 11366	|		|	type material	|
195	|	Vibrio coli	|		|	synonym	|
196	|	"Spirillum fetus" Lehmann and Neumann 1927	|		|	synonym	|
196	|	"Vibrio fetus" Smith and Taylor 1919	|		|	synonym	|
196	|	ATCC 27374	|		|	type material	|
196	|	CCUG 6823 A	|		|	type material	|
196	|	CIP 53.96	|		|	type material	|
196	|	Campylobacter fetus	|		|	scientific name	|
196	|	Campylobacter fetus (Smith and Taylor 1919) Sebald and Veron 1963	|		|	synonym	|
196	|	DSM 5361	|		|	type material	|
196	|	JCM 2527	|		|	type material	|
196	|	LMG 6442	|		|	type material	|
196	|	NCTC 10842	|		|	type material	|
196	|	Spirillum fetus	|		|	synonym	|
196	|	Vibrio fetus	|		|	synonym	|
197	|	"Campylobacter fetus subsp. jejuni" Smibert 1974	|		|	authority	|
197	|	"Vibrio hepaticus" Mathey and Rissberger 1964	|		|	authority	|
197	|	"Vibrio jejuni" Jones et al. 1931	|		|	authority	|
197	|	ATCC 33560	|		|	type material	|
197	|	Ampylobacter jejuni	|		|	misspelling	|
197	|	CCUG 11284	|		|	type material	|
197	|	CIP 70.2	|		|	type material	|
197	|	Campylobacter fetus subsp. jejuni	|		|	synonym	|
197	|	Campylobacter jejuni	|		|	scientific name	|
197	|	Campylobacter jejuni (Jones et al. 1931) Veron and Chatelain 1973	|		|	authority	|
197	|	DSM 4688	|		|	type material	|
197	|	LMG 8841	|		|	type material	|
197	|	NCTC 11351	|		|	type material	|
197	|	Vibrio hepaticus	|		|	synonym	|
197	|	Vibrio jejuni	|		|	synonym	|
198	|	ATCC 35217	|		|	type material	|
198	|	CCUG 14169	|		|	type material	|
198	|	CIP 103746	|		|	type material	|
198	|	Campylobacter hyointestinalis	|		|	scientific name	|
198	|	Campylobacter hyointestinalis Gebhart et al. 1985 emend. On et al. 1995	|		|	authority	|
198	|	DSM 19053	|		|	type material	|
198	|	LMG 7817	|		|	type material	|
198	|	NCTC 11608	|		|	type material	|
198	|	strain 80-4577-4	|		|	type material	|
199	|	ATCC 33237	|		|	type material	|
199	|	CCUG 13144	|		|	type material	|
199	|	CIP 103757	|		|	type material	|
199	|	Campylobacter concisus	|		|	scientific name	|
199	|	Campylobacter concisus Tanner et al. 1981	|		|	authority	|
199	|	DSM 9716	|		|	type material	|
199	|	FDC 484	|		|	type material	|
199	|	LMG 7788	|		|	type material	|
199	|	NCTC 11485	|		|	type material	|
200	|	ATCC 35224	|		|	type material	|
200	|	CCUG 13146	|		|	type material	|
200	|	CIP 103747	|		|	type material	|
200	|	Campylobacter curvus	|		|	scientific name	|
200	|	Campylobacter curvus (Tanner et al. 1984) Vandamme et al. 1991	|		|	synonym	|
200	|	DSM 6644	|		|	type material	|
200	|	LMG 7609	|		|	type material	|
200	|	NCTC 11649	|		|	type material	|
200	|	VPI 9584	|		|	type material	|
200	|	Wolinella curva	|		|	synonym	|
200	|	Wolinella curva Tanner et al. 1984	|		|	synonym	|
201	|	ATCC 35221	|		|	type material	|
201	|	CCUG 23947	|		|	type material	|
201	|	CIP 102722	|		|	type material	|
201	|	Campylobacter lari	|		|	scientific name	|
201	|	Campylobacter lari corrig. Benjamin et al. 1984 emend. Debruyne et al. 2009	|		|	authority	|
201	|	Campylobacter laridis	|		|	synonym	|
201	|	DSM 11375	|		|	type material	|
201	|	JCM 2530	|		|	type material	|
201	|	LMG 8846	|		|	type material	|
201	|	NCTC 11352	|		|	type material	|
